dateDebut,dateFin
2025-12-03T06:00:00-05:00,2025-12-03T10:00:00-05:00
2025-12-08T06:00:00-05:00,2025-12-08T10:00:00-05:00
2025-12-08T16:00:00-05:00,2025-12-08T20:00:00-05:00
2025-12-09T06:00:00-05:00,2025-12-09T10:00:00-05:00
2025-12-14T06:00:00-05:00,2025-12-14T10:00:00-05:00
2025-12-14T16:00:00-05:00,2025-12-14T20:00:00-05:00
2026-01-05T06:00:00-05:00,2026-01-05T10:00:00-05:00
2026-01-05T16:00:00-05:00,2026-01-05T20:00:00-05:00
2026-01-21T06:00:00-05:00,2026-01-21T10:00:00-05:00
2026-01-24T06:00:00-05:00,2026-01-24T10:00:00-05:00
2026-01-25T06:00:00-05:00,2026-01-25T10:00:00-05:00
2026-01-25T16:00:00-05:00,2026-01-25T20:00:00-05:00
2026-01-26T06:00:00-05:00,2026-01-26T10:00:00-05:00
2026-01-26T16:00:00-05:00,2026-01-26T20:00:00-05:00
2026-02-01T06:00:00-05:00,2026-02-01T10:00:00-05:00
2026-02-08T06:00:00-05:00,2026-02-08T10:00:00-05:00
2026-02-10T06:00:00-05:00,2026-02-10T10:00:00-05:00
2026-03-03T06:00:00-05:00,2026-03-03T10:00:00-05:00
2026-03-18T06:00:00-04:00,2026-03-18T10:00:00-04:00
